,r,PL,RMS,source_file,PL_RMS_ratio,RMS_PL_ratio,PL_RMS_product,PL_RMS_diff,PL_RMS_abs_diff,PL_squared,RMS_squared,PL_sqrt,RMS_sqrt,PL_log,RMS_log,PL_exp,RMS_exp,PL_group_mean,PL_group_std,PL_normalized,RMS_group_mean,RMS_group_std,RMS_normalized,interaction_H_H,interaction_H_L,interaction_H_M,interaction_H_VH,interaction_L_H,interaction_L_L,interaction_L_M,interaction_L_VL,interaction_M_H,interaction_M_L,interaction_M_M,interaction_M_VH,interaction_M_VL,interaction_VH_H,interaction_VH_M,interaction_VH_VH,interaction_VL_H,interaction_VL_L,interaction_VL_M,interaction_VL_VL
0,1977.870,62.200,8.160,FCPR-D1_CIR.csv,7.623,0.131,507.552,54.040,54.040,3868.840,66.586,7.887,2.857,4.146,2.215,1.863,2.261,63.069,0.782,-1.111,8.650,0.574,-0.854,False,False,False,False,False,False,False,False,False,False,False,False,False,False,False,False,False,False,False,True
1,2392.690,63.800,9.180,FCPR-D1_CIR.csv,6.950,0.144,585.684,54.620,54.620,4070.440,84.272,7.987,3.030,4.171,2.320,1.893,2.504,63.069,0.782,0.935,8.650,0.574,0.923,False,False,False,False,False,False,False,False,False,False,False,False,False,False,False,True,False,False,False,False
2,1912.590,62.300,7.740,FCPR-D1_CIR.csv,8.049,0.124,482.202,54.560,54.560,3881.290,59.908,7.893,2.782,4.148,2.168,1.865,2.168,63.069,0.782,-0.983,8.650,0.574,-1.585,False,False,False,False,False,False,False,False,False,False,False,False,False,False,False,False,False,False,False,True
3,2238.920,63.800,9.140,FCPR-D1_CIR.csv,6.980,0.143,583.132,54.660,54.660,4070.440,83.540,7.987,3.023,4.171,2.316,1.893,2.494,63.069,0.782,0.935,8.650,0.574,0.854,False,False,False,False,False,False,False,False,False,False,False,False,False,False,False,True,False,False,False,False
4,2147.770,63.700,8.610,FCPR-D1_CIR.csv,7.398,0.135,548.457,55.090,55.090,4057.690,74.132,7.981,2.934,4.170,2.263,1.891,2.366,63.069,0.782,0.807,8.650,0.574,-0.070,False,False,True,False,False,False,False,False,False,False,False,False,False,False,False,False,False,False,False,False
5,1582.830,63.600,8.730,FCPR-D1_CIR.csv,7.285,0.137,555.228,54.870,54.870,4044.960,76.213,7.975,2.955,4.168,2.275,1.889,2.394,63.069,0.782,0.679,8.650,0.574,0.139,False,False,True,False,False,False,False,False,False,False,False,False,False,False,False,False,False,False,False,False
6,1207.400,62.600,8.440,FCPR-D1_CIR.csv,7.417,0.135,528.344,54.160,54.160,3918.760,71.234,7.912,2.905,4.153,2.245,1.870,2.326,63.069,0.782,-0.600,8.650,0.574,-0.366,False,False,False,False,False,True,False,False,False,False,False,False,False,False,False,False,False,False,False,False
7,1259.350,61.600,7.960,FCPR-D1_CIR.csv,7.739,0.129,490.336,53.640,53.640,3794.560,63.362,7.849,2.821,4.137,2.193,1.852,2.217,63.069,0.782,-1.879,8.650,0.574,-1.202,False,False,False,False,False,False,False,False,False,False,False,False,False,False,False,False,False,False,False,True
8,1627.520,61.900,7.760,FCPR-D1_CIR.csv,7.977,0.125,480.344,54.140,54.140,3831.610,60.218,7.868,2.786,4.142,2.170,1.857,2.173,63.069,0.782,-1.495,8.650,0.574,-1.551,False,False,False,False,False,False,False,False,False,False,False,False,False,False,False,False,False,False,False,True
9,1663.610,62.800,8.140,FCPR-D1_CIR.csv,7.715,0.130,511.192,54.660,54.660,3943.840,66.260,7.925,2.853,4.156,2.213,1.874,2.257,63.069,0.782,-0.344,8.650,0.574,-0.889,False,False,False,False,False,False,False,True,False,False,False,False,False,False,False,False,False,False,False,False
10,1525.320,62.200,7.900,FCPR-D1_CIR.csv,7.873,0.127,491.380,54.300,54.300,3868.840,62.410,7.887,2.811,4.146,2.186,1.863,2.203,63.069,0.782,-1.111,8.650,0.574,-1.307,False,False,False,False,False,False,False,False,False,False,False,False,False,False,False,False,False,False,False,True
11,1869.800,63.500,8.210,FCPR-D1_CIR.csv,7.734,0.129,521.335,55.290,55.290,4032.250,67.404,7.969,2.865,4.167,2.220,1.887,2.273,63.069,0.782,0.551,8.650,0.574,-0.767,False,True,False,False,False,False,False,False,False,False,False,False,False,False,False,False,False,False,False,False
12,2136.330,62.900,7.980,FCPR-D1_CIR.csv,7.882,0.127,501.942,54.920,54.920,3956.410,63.680,7.931,2.825,4.157,2.195,1.876,2.221,63.069,0.782,-0.216,8.650,0.574,-1.167,False,False,False,False,False,False,False,False,False,False,False,False,True,False,False,False,False,False,False,False
13,1931.490,63.900,8.890,FCPR-D1_CIR.csv,7.188,0.139,568.071,55.010,55.010,4083.210,79.032,7.994,2.982,4.173,2.292,1.895,2.433,63.069,0.782,1.063,8.650,0.574,0.418,False,False,False,False,False,False,False,False,False,False,False,False,False,True,False,False,False,False,False,False
14,1641.730,63.600,8.680,FCPR-D1_CIR.csv,7.327,0.136,552.048,54.920,54.920,4044.960,75.342,7.975,2.946,4.168,2.270,1.889,2.382,63.069,0.782,0.679,8.650,0.574,0.052,False,False,True,False,False,False,False,False,False,False,False,False,False,False,False,False,False,False,False,False
15,1310.110,63.400,9.250,FCPR-D1_CIR.csv,6.854,0.146,586.450,54.150,54.150,4019.560,85.562,7.962,3.041,4.165,2.327,1.885,2.522,63.069,0.782,0.423,8.650,0.574,1.045,False,False,False,True,False,False,False,False,False,False,False,False,False,False,False,False,False,False,False,False
16,1390.310,63.200,8.790,FCPR-D1_CIR.csv,7.190,0.139,555.528,54.410,54.410,3994.240,77.264,7.950,2.965,4.162,2.281,1.881,2.408,63.069,0.782,0.168,8.650,0.574,0.244,False,False,False,False,False,False,False,False,True,False,False,False,False,False,False,False,False,False,False,False
17,1102.450,62.000,8.170,FCPR-D1_CIR.csv,7.589,0.132,506.540,53.830,53.830,3844.000,66.749,7.874,2.858,4.143,2.216,1.859,2.264,63.069,0.782,-1.367,8.650,0.574,-0.836,False,False,False,False,False,False,False,False,False,False,False,False,False,False,False,False,False,False,False,True
18,808.670,61.400,7.890,FCPR-D1_CIR.csv,7.782,0.129,484.446,53.510,53.510,3769.960,62.252,7.836,2.809,4.134,2.185,1.848,2.201,63.069,0.782,-2.134,8.650,0.574,-1.324,False,False,False,False,False,False,False,False,False,False,False,False,False,False,False,False,False,False,False,True
19,1225.250,61.800,8.070,FCPR-D1_CIR.csv,7.658,0.131,498.726,53.730,53.730,3819.240,65.125,7.861,2.841,4.140,2.205,1.855,2.241,63.069,0.782,-1.623,8.650,0.574,-1.010,False,False,False,False,False,False,False,False,False,False,False,False,False,False,False,False,False,False,False,True
20,2138.680,63.800,9.160,FCPR-D1_CIR.csv,6.965,0.144,584.408,54.640,54.640,4070.440,83.906,7.987,3.027,4.171,2.318,1.893,2.499,63.069,0.782,0.935,8.650,0.574,0.889,False,False,False,False,False,False,False,False,False,False,False,False,False,False,False,True,False,False,False,False
21,1668.300,62.700,8.490,FCPR-D1_CIR.csv,7.385,0.135,532.323,54.210,54.210,3931.290,72.080,7.918,2.914,4.154,2.250,1.872,2.337,63.069,0.782,-0.472,8.650,0.574,-0.279,False,False,False,False,False,False,True,False,False,False,False,False,False,False,False,False,False,False,False,False
22,1582.140,63.400,8.510,FCPR-D1_CIR.csv,7.450,0.134,539.534,54.890,54.890,4019.560,72.420,7.962,2.917,4.165,2.252,1.885,2.342,63.069,0.782,0.423,8.650,0.574,-0.244,False,False,True,False,False,False,False,False,False,False,False,False,False,False,False,False,False,False,False,False
23,1737.820,64.100,9.390,FCPR-D1_CIR.csv,6.826,0.146,601.899,54.710,54.710,4108.810,88.172,8.006,3.064,4.176,2.341,1.898,2.557,63.069,0.782,1.318,8.650,0.574,1.289,False,False,False,False,False,False,False,False,False,False,False,False,False,False,False,True,False,False,False,False
24,1444.090,63.600,9.300,FCPR-D1_CIR.csv,6.839,0.146,591.480,54.300,54.300,4044.960,86.490,7.975,3.050,4.168,2.332,1.889,2.535,63.069,0.782,0.679,8.650,0.574,1.132,False,False,False,True,False,False,False,False,False,False,False,False,False,False,False,False,False,False,False,False
25,1027.840,62.600,8.720,FCPR-D1_CIR.csv,7.179,0.139,545.872,53.880,53.880,3918.760,76.038,7.912,2.953,4.153,2.274,1.870,2.392,63.069,0.782,-0.600,8.650,0.574,0.122,False,False,False,False,False,False,True,False,False,False,False,False,False,False,False,False,False,False,False,False
26,814.630,62.400,8.350,FCPR-D1_CIR.csv,7.473,0.134,521.040,54.050,54.050,3893.760,69.722,7.899,2.890,4.149,2.235,1.866,2.305,63.069,0.782,-0.855,8.650,0.574,-0.523,False,False,False,False,False,False,False,False,False,False,False,False,False,False,False,False,False,True,False,False
27,1049.020,62.600,8.230,FCPR-D1_CIR.csv,7.606,0.131,515.198,54.370,54.370,3918.760,67.733,7.912,2.869,4.153,2.222,1.870,2.277,63.069,0.782,-0.600,8.650,0.574,-0.732,False,False,False,False,False,True,False,False,False,False,False,False,False,False,False,False,False,False,False,False
28,1480.080,62.400,8.430,FCPR-D1_CIR.csv,7.402,0.135,526.032,53.970,53.970,3893.760,71.065,7.899,2.903,4.149,2.244,1.866,2.323,63.069,0.782,-0.855,8.650,0.574,-0.383,False,False,False,False,False,False,False,False,False,False,False,False,False,False,False,False,False,True,False,False
29,1341.250,65.200,10.150,FCPR-D1_CIR.csv,6.424,0.156,661.780,55.050,55.050,4251.040,103.023,8.075,3.186,4.193,2.411,1.919,2.759,63.069,0.782,2.725,8.650,0.574,2.613,False,False,False,False,False,False,False,False,False,False,False,False,False,False,False,True,False,False,False,False
30,1945.930,64.800,9.720,FCPR-D1_CIR.csv,6.667,0.150,629.856,55.080,55.080,4199.040,94.478,8.050,3.118,4.187,2.372,1.912,2.643,63.069,0.782,2.214,8.650,0.574,1.864,False,False,False,False,False,False,False,False,False,False,False,False,False,False,False,True,False,False,False,False
31,2354.630,63.000,8.500,FCPR-D1_CIR.csv,7.412,0.135,535.500,54.500,54.500,3969.000,72.250,7.937,2.915,4.159,2.251,1.878,2.340,63.069,0.782,-0.088,8.650,0.574,-0.261,False,False,False,False,False,False,False,False,False,False,True,False,False,False,False,False,False,False,False,False
32,1907.310,63.400,8.680,FCPR-D1_CIR.csv,7.304,0.137,550.312,54.720,54.720,4019.560,75.342,7.962,2.946,4.165,2.270,1.885,2.382,63.069,0.782,0.423,8.650,0.574,0.052,False,False,True,False,False,False,False,False,False,False,False,False,False,False,False,False,False,False,False,False
33,1415.360,63.700,8.740,FCPR-D1_CIR.csv,7.288,0.137,556.738,54.960,54.960,4057.690,76.388,7.981,2.956,4.170,2.276,1.891,2.396,63.069,0.782,0.807,8.650,0.574,0.157,False,False,True,False,False,False,False,False,False,False,False,False,False,False,False,False,False,False,False,False
34,1068.910,63.000,9.220,FCPR-D1_CIR.csv,6.833,0.146,580.860,53.780,53.780,3969.000,85.008,7.937,3.036,4.159,2.324,1.878,2.514,63.069,0.782,-0.088,8.650,0.574,0.993,False,False,False,False,False,False,False,False,False,False,False,True,False,False,False,False,False,False,False,False
35,1410.560,62.400,8.540,FCPR-D1_CIR.csv,7.307,0.137,532.896,53.860,53.860,3893.760,72.932,7.899,2.922,4.149,2.255,1.866,2.349,63.069,0.782,-0.855,8.650,0.574,-0.192,False,False,False,False,False,False,False,False,False,False,False,False,False,False,False,False,False,False,True,False
36,838.210,63.300,9.030,FCPR-D1_CIR.csv,7.010,0.143,571.599,54.270,54.270,4006.890,81.541,7.956,3.005,4.164,2.306,1.883,2.467,63.069,0.782,0.295,8.650,0.574,0.662,False,False,False,False,False,False,False,False,True,False,False,False,False,False,False,False,False,False,False,False
37,926.570,62.100,7.680,FCPR-D1_CIR.csv,8.086,0.124,476.928,54.420,54.420,3856.410,58.982,7.880,2.771,4.145,2.161,1.861,2.155,63.069,0.782,-1.239,8.650,0.574,-1.690,False,False,False,False,False,False,False,False,False,False,False,False,False,False,False,False,False,False,False,True
38,1249.940,62.600,7.960,FCPR-D1_CIR.csv,7.864,0.127,498.296,54.640,54.640,3918.760,63.362,7.912,2.821,4.153,2.193,1.870,2.217,63.069,0.782,-0.600,8.650,0.574,-1.202,False,False,False,False,False,False,False,True,False,False,False,False,False,False,False,False,False,False,False,False
39,1551.420,61.500,6.960,FCPR-D1_CIR.csv,8.836,0.113,428.040,54.540,54.540,3782.250,48.442,7.842,2.638,4.135,2.074,1.850,2.006,63.069,0.782,-2.006,8.650,0.574,-2.944,False,False,False,False,False,False,False,False,False,False,False,False,False,False,False,False,False,False,False,True
40,1528.580,63.700,8.880,FCPR-D1_CIR.csv,7.173,0.139,565.656,54.820,54.820,4057.690,78.854,7.981,2.980,4.170,2.291,1.891,2.430,63.069,0.782,0.807,8.650,0.574,0.401,True,False,False,False,False,False,False,False,False,False,False,False,False,False,False,False,False,False,False,False
41,1248.960,63.400,9.130,FCPR-D1_CIR.csv,6.944,0.144,578.842,54.270,54.270,4019.560,83.357,7.962,3.022,4.165,2.316,1.885,2.492,63.069,0.782,0.423,8.650,0.574,0.836,False,False,False,True,False,False,False,False,False,False,False,False,False,False,False,False,False,False,False,False
42,1565.820,62.800,8.420,FCPR-D1_CIR.csv,7.458,0.134,528.776,54.380,54.380,3943.840,70.896,7.925,2.902,4.156,2.243,1.874,2.321,63.069,0.782,-0.344,8.650,0.574,-0.401,False,False,False,False,False,True,False,False,False,False,False,False,False,False,False,False,False,False,False,False
43,1142.180,64.000,9.300,FCPR-D1_CIR.csv,6.882,0.145,595.200,54.700,54.700,4096.000,86.490,8.000,3.050,4.174,2.332,1.896,2.535,63.069,0.782,1.191,8.650,0.574,1.132,False,False,False,False,False,False,False,False,False,False,False,False,False,False,False,True,False,False,False,False
44,923.150,62.600,8.810,FCPR-D1_CIR.csv,7.106,0.141,551.506,53.790,53.790,3918.760,77.616,7.912,2.968,4.153,2.283,1.870,2.413,63.069,0.782,-0.600,8.650,0.574,0.279,False,False,False,False,True,False,False,False,False,False,False,False,False,False,False,False,False,False,False,False
45,546.470,64.200,10.020,FCPR-D1_CIR.csv,6.407,0.156,643.284,54.180,54.180,4121.640,100.400,8.012,3.165,4.177,2.400,1.900,2.724,63.069,0.782,1.446,8.650,0.574,2.387,False,False,False,False,False,False,False,False,False,False,False,False,False,False,False,True,False,False,False,False
46,709.270,62.100,8.850,FCPR-D1_CIR.csv,7.017,0.143,549.585,53.250,53.250,3856.410,78.322,7.880,2.975,4.145,2.287,1.861,2.423,63.069,0.782,-1.239,8.650,0.574,0.348,False,False,False,False,False,False,False,False,False,False,False,False,False,False,False,False,True,False,False,False
47,1283.650,63.300,8.550,FCPR-D1_CIR.csv,7.404,0.135,541.215,54.750,54.750,4006.890,73.102,7.956,2.924,4.164,2.257,1.883,2.351,63.069,0.782,0.295,8.650,0.574,-0.174,False,False,False,False,False,False,False,False,False,False,True,False,False,False,False,False,False,False,False,False
48,1380.310,64.700,9.890,FCPR-D1_CIR.csv,6.542,0.153,639.883,54.810,54.810,4186.090,97.812,8.044,3.145,4.185,2.388,1.910,2.689,63.069,0.782,2.086,8.650,0.574,2.160,False,False,False,False,False,False,False,False,False,False,False,False,False,False,False,True,False,False,False,False
49,1063.650,64.100,9.640,FCPR-D1_CIR.csv,6.649,0.150,617.924,54.460,54.460,4108.810,92.930,8.006,3.105,4.176,2.365,1.898,2.622,63.069,0.782,1.318,8.650,0.574,1.725,False,False,False,False,False,False,False,False,False,False,False,False,False,False,False,True,False,False,False,False
50,1418.710,64.100,9.450,FCPR-D1_CIR.csv,6.783,0.147,605.745,54.650,54.650,4108.810,89.302,8.006,3.074,4.176,2.347,1.898,2.573,63.069,0.782,1.318,8.650,0.574,1.394,False,False,False,False,False,False,False,False,False,False,False,False,False,False,False,True,False,False,False,False
51,1551.950,64.100,9.400,FCPR-D1_CIR.csv,6.819,0.147,602.540,54.700,54.700,4108.810,88.360,8.006,3.066,4.176,2.342,1.898,2.560,63.069,0.782,1.318,8.650,0.574,1.307,False,False,False,False,False,False,False,False,False,False,False,False,False,False,False,True,False,False,False,False
52,1252.100,62.300,8.300,FCPR-D1_CIR.csv,7.506,0.133,517.090,54.000,54.000,3881.290,68.890,7.893,2.881,4.148,2.230,1.865,2.293,63.069,0.782,-0.983,8.650,0.574,-0.610,False,False,False,False,False,False,False,False,False,False,False,False,False,False,False,False,False,True,False,False
53,1297.720,62.300,8.370,FCPR-D1_CIR.csv,7.443,0.134,521.451,53.930,53.930,3881.290,70.057,7.893,2.893,4.148,2.238,1.865,2.309,63.069,0.782,-0.983,8.650,0.574,-0.488,False,False,False,False,False,False,False,False,False,False,False,False,False,False,False,False,False,True,False,False
54,854.970,62.000,7.940,FCPR-D1_CIR.csv,7.809,0.128,492.280,54.060,54.060,3844.000,63.044,7.874,2.818,4.143,2.191,1.859,2.212,63.069,0.782,-1.367,8.650,0.574,-1.237,False,False,False,False,False,False,False,False,False,False,False,False,False,False,False,False,False,False,False,True
55,1184.290,62.500,8.050,FCPR-D1_CIR.csv,7.764,0.129,503.125,54.450,54.450,3906.250,64.803,7.906,2.837,4.151,2.203,1.868,2.237,63.069,0.782,-0.728,8.650,0.574,-1.045,False,False,False,False,False,False,False,True,False,False,False,False,False,False,False,False,False,False,False,False
56,1457.380,63.400,9.350,FCPR-D1_CIR.csv,6.781,0.147,592.790,54.050,54.050,4019.560,87.422,7.962,3.058,4.165,2.337,1.885,2.547,63.069,0.782,0.423,8.650,0.574,1.220,False,False,False,True,False,False,False,False,False,False,False,False,False,False,False,False,False,False,False,False
57,1795.700,62.800,8.180,FCPR-D1_CIR.csv,7.677,0.130,513.704,54.620,54.620,3943.840,66.912,7.925,2.860,4.156,2.217,1.874,2.266,63.069,0.782,-0.344,8.650,0.574,-0.819,False,False,False,False,False,False,False,True,False,False,False,False,False,False,False,False,False,False,False,False
58,1733.390,63.000,9.140,FCPR-D1_CIR.csv,6.893,0.145,575.820,53.860,53.860,3969.000,83.540,7.937,3.023,4.159,2.316,1.878,2.494,63.069,0.782,-0.088,8.650,0.574,0.854,False,False,False,False,False,False,False,False,False,False,False,True,False,False,False,False,False,False,False,False
59,1946.010,62.900,8.390,FCPR-D1_CIR.csv,7.497,0.133,527.731,54.510,54.510,3956.410,70.392,7.931,2.897,4.157,2.240,1.876,2.314,63.069,0.782,-0.216,8.650,0.574,-0.453,False,False,False,False,False,False,False,False,False,True,False,False,False,False,False,False,False,False,False,False
60,2996.760,63.800,9.100,FCPR-D1_CIR.csv,7.011,0.143,580.580,54.700,54.700,4070.440,82.810,7.987,3.017,4.171,2.313,1.893,2.484,63.069,0.782,0.935,8.650,0.574,0.784,False,False,False,False,False,False,False,False,False,False,False,False,False,True,False,False,False,False,False,False
61,2595.800,62.600,8.550,FCPR-D1_CIR.csv,7.322,0.137,535.230,54.050,54.050,3918.760,73.102,7.912,2.924,4.153,2.257,1.870,2.351,63.069,0.782,-0.600,8.650,0.574,-0.174,False,False,False,False,False,False,True,False,False,False,False,False,False,False,False,False,False,False,False,False
62,2070.830,63.800,9.050,FCPR-D1_CIR.csv,7.050,0.142,577.390,54.750,54.750,4070.440,81.903,7.987,3.008,4.171,2.308,1.893,2.472,63.069,0.782,0.935,8.650,0.574,0.697,False,False,False,False,False,False,False,False,False,False,False,False,False,True,False,False,False,False,False,False
63,1573.260,63.200,8.680,FCPR-D1_CIR.csv,7.281,0.137,548.576,54.520,54.520,3994.240,75.342,7.950,2.946,4.162,2.270,1.881,2.382,63.069,0.782,0.168,8.650,0.574,0.052,False,False,False,False,False,False,False,False,False,False,True,False,False,False,False,False,False,False,False,False
64,1092.260,62.300,8.570,FCPR-D1_CIR.csv,7.270,0.138,533.911,53.730,53.730,3881.290,73.445,7.893,2.927,4.148,2.259,1.865,2.356,63.069,0.782,-0.983,8.650,0.574,-0.139,False,False,False,False,False,False,False,False,False,False,False,False,False,False,False,False,False,False,True,False
65,1498.670,63.500,9.020,FCPR-D1_CIR.csv,7.040,0.142,572.770,54.480,54.480,4032.250,81.360,7.969,3.003,4.167,2.305,1.887,2.465,63.069,0.782,0.551,8.650,0.574,0.645,True,False,False,False,False,False,False,False,False,False,False,False,False,False,False,False,False,False,False,False
66,1467.180,62.600,8.140,FCPR-D1_CIR.csv,7.690,0.130,509.564,54.460,54.460,3918.760,66.260,7.912,2.853,4.153,2.213,1.870,2.257,63.069,0.782,-0.600,8.650,0.574,-0.889,False,False,False,False,False,False,False,True,False,False,False,False,False,False,False,False,False,False,False,False
67,1643.580,63.800,8.860,FCPR-D1_CIR.csv,7.201,0.139,565.268,54.940,54.940,4070.440,78.500,7.987,2.977,4.171,2.288,1.893,2.425,63.069,0.782,0.935,8.650,0.574,0.366,False,False,False,False,False,False,False,False,False,False,False,False,False,True,False,False,False,False,False,False
68,2128.850,63.800,9.050,FCPR-D1_CIR.csv,7.050,0.142,577.390,54.750,54.750,4070.440,81.903,7.987,3.008,4.171,2.308,1.893,2.472,63.069,0.782,0.935,8.650,0.574,0.697,False,False,False,False,False,False,False,False,False,False,False,False,False,True,False,False,False,False,False,False
69,2501.960,62.500,8.250,FCPR-D1_CIR.csv,7.576,0.132,515.625,54.250,54.250,3906.250,68.062,7.906,2.872,4.151,2.225,1.868,2.282,63.069,0.782,-0.728,8.650,0.574,-0.697,False,False,False,False,False,True,False,False,False,False,False,False,False,False,False,False,False,False,False,False
70,1077.250,62.200,8.630,FCPR-D1_CIR.csv,7.207,0.139,536.786,53.570,53.570,3868.840,74.477,7.887,2.938,4.146,2.265,1.863,2.370,63.069,0.782,-1.111,8.650,0.574,-0.035,False,False,False,False,False,False,False,False,False,False,False,False,False,False,False,False,False,False,True,False
71,796.420,62.000,8.370,FCPR-D1_CIR.csv,7.407,0.135,518.940,53.630,53.630,3844.000,70.057,7.874,2.893,4.143,2.238,1.859,2.309,63.069,0.782,-1.367,8.650,0.574,-0.488,False,False,False,False,False,False,False,False,False,False,False,False,False,False,False,False,False,True,False,False
72,1011.370,63.400,8.800,FCPR-D1_CIR.csv,7.205,0.139,557.920,54.600,54.600,4019.560,77.440,7.962,2.966,4.165,2.282,1.885,2.411,63.069,0.782,0.423,8.650,0.574,0.261,True,False,False,False,False,False,False,False,False,False,False,False,False,False,False,False,False,False,False,False
73,1400.320,62.600,8.220,FCPR-D1_CIR.csv,7.616,0.131,514.572,54.380,54.380,3918.760,67.568,7.912,2.867,4.153,2.221,1.870,2.275,63.069,0.782,-0.600,8.650,0.574,-0.749,False,False,False,False,False,True,False,False,False,False,False,False,False,False,False,False,False,False,False,False
74,1709.650,62.400,7.960,FCPR-D1_CIR.csv,7.839,0.128,496.704,54.440,54.440,3893.760,63.362,7.899,2.821,4.149,2.193,1.866,2.217,63.069,0.782,-0.855,8.650,0.574,-1.202,False,False,False,False,False,False,False,False,False,False,False,False,False,False,False,False,False,False,False,True
75,1440.160,63.500,8.750,FCPR-D1_CIR.csv,7.257,0.138,555.625,54.750,54.750,4032.250,76.562,7.969,2.958,4.167,2.277,1.887,2.399,63.069,0.782,0.551,8.650,0.574,0.174,False,False,True,False,False,False,False,False,False,False,False,False,False,False,False,False,False,False,False,False
76,985.320,63.000,8.810,FCPR-D1_CIR.csv,7.151,0.140,555.030,54.190,54.190,3969.000,77.616,7.937,2.968,4.159,2.283,1.878,2.413,63.069,0.782,-0.088,8.650,0.574,0.279,False,False,False,False,False,False,False,False,True,False,False,False,False,False,False,False,False,False,False,False
77,641.920,62.500,8.990,FCPR-D1_CIR.csv,6.952,0.144,561.875,53.510,53.510,3906.250,80.820,7.906,2.998,4.151,2.302,1.868,2.457,63.069,0.782,-0.728,8.650,0.574,0.592,False,False,False,False,True,False,False,False,False,False,False,False,False,False,False,False,False,False,False,False
78,890.450,62.300,8.440,FCPR-D1_CIR.csv,7.382,0.135,525.812,53.860,53.860,3881.290,71.234,7.893,2.905,4.148,2.245,1.865,2.326,63.069,0.782,-0.983,8.650,0.574,-0.366,False,False,False,False,False,False,False,False,False,False,False,False,False,False,False,False,False,True,False,False
79,1382.730,62.200,8.000,FCPR-D1_CIR.csv,7.775,0.129,497.600,54.200,54.200,3868.840,64.000,7.887,2.828,4.146,2.197,1.863,2.226,63.069,0.782,-1.111,8.650,0.574,-1.132,False,False,False,False,False,False,False,False,False,False,False,False,False,False,False,False,False,False,False,True
80,729.210,61.700,7.970,FCPR-D1_CIR.csv,7.742,0.129,491.749,53.730,53.730,3806.890,63.521,7.855,2.823,4.138,2.194,1.853,2.219,63.069,0.782,-1.751,8.650,0.574,-1.185,False,False,False,False,False,False,False,False,False,False,False,False,False,False,False,False,False,False,False,True
81,957.420,62.300,8.570,FCPR-D1_CIR.csv,7.270,0.138,533.911,53.730,53.730,3881.290,73.445,7.893,2.927,4.148,2.259,1.865,2.356,63.069,0.782,-0.983,8.650,0.574,-0.139,False,False,False,False,False,False,False,False,False,False,False,False,False,False,False,False,False,False,True,False
82,1295.590,62.500,8.320,FCPR-D1_CIR.csv,7.512,0.133,520.000,54.180,54.180,3906.250,69.222,7.906,2.884,4.151,2.232,1.868,2.298,63.069,0.782,-0.728,8.650,0.574,-0.575,False,False,False,False,False,True,False,False,False,False,False,False,False,False,False,False,False,False,False,False
83,922.370,62.400,8.320,FCPR-D1_CIR.csv,7.500,0.133,519.168,54.080,54.080,3893.760,69.222,7.899,2.884,4.149,2.232,1.866,2.298,63.069,0.782,-0.855,8.650,0.574,-0.575,False,False,False,False,False,False,False,False,False,False,False,False,False,False,False,False,False,True,False,False
84,1087.860,62.300,8.570,FCPR-D1_CIR.csv,7.270,0.138,533.911,53.730,53.730,3881.290,73.445,7.893,2.927,4.148,2.259,1.865,2.356,63.069,0.782,-0.983,8.650,0.574,-0.139,False,False,False,False,False,False,False,False,False,False,False,False,False,False,False,False,False,False,True,False
85,1592.440,63.500,8.450,FCPR-D1_CIR.csv,7.515,0.133,536.575,55.050,55.050,4032.250,71.402,7.969,2.907,4.167,2.246,1.887,2.328,63.069,0.782,0.551,8.650,0.574,-0.348,False,False,True,False,False,False,False,False,False,False,False,False,False,False,False,False,False,False,False,False
86,1427.520,64.100,10.220,FCPR-D1_CIR.csv,6.272,0.159,655.102,53.880,53.880,4108.810,104.448,8.006,3.197,4.176,2.418,1.898,2.779,63.069,0.782,1.318,8.650,0.574,2.735,False,False,False,False,False,False,False,False,False,False,False,False,False,False,False,True,False,False,False,False
87,1905.030,63.600,8.800,FCPR-D1_CIR.csv,7.227,0.138,559.680,54.800,54.800,4044.960,77.440,7.975,2.966,4.168,2.282,1.889,2.411,63.069,0.782,0.679,8.650,0.574,0.261,True,False,False,False,False,False,False,False,False,False,False,False,False,False,False,False,False,False,False,False
88,1703.580,62.700,8.280,FCPR-D1_CIR.csv,7.572,0.132,519.156,54.420,54.420,3931.290,68.558,7.918,2.877,4.154,2.228,1.872,2.289,63.069,0.782,-0.472,8.650,0.574,-0.645,False,False,False,False,False,True,False,False,False,False,False,False,False,False,False,False,False,False,False,False
89,2030.850,63.600,8.380,FCPR-D1_CIR.csv,7.589,0.132,532.968,55.220,55.220,4044.960,70.224,7.975,2.895,4.168,2.239,1.889,2.312,63.069,0.782,0.679,8.650,0.574,-0.470,False,True,False,False,False,False,False,False,False,False,False,False,False,False,False,False,False,False,False,False
90,985.330,64.200,10.180,FCPR-D1_CIR.csv,6.306,0.159,653.556,54.020,54.020,4121.640,103.632,8.012,3.191,4.177,2.414,1.900,2.768,63.069,0.782,1.446,8.650,0.574,2.666,False,False,False,False,False,False,False,False,False,False,False,False,False,False,False,True,False,False,False,False
91,950.090,63.100,8.660,FCPR-D1_CIR.csv,7.286,0.137,546.446,54.440,54.440,3981.610,74.996,7.944,2.943,4.160,2.268,1.879,2.377,63.069,0.782,0.040,8.650,0.574,0.017,False,False,False,False,False,False,False,False,False,False,True,False,False,False,False,False,False,False,False,False
92,1127.600,62.800,8.760,FCPR-D1_CIR.csv,7.169,0.139,550.128,54.040,54.040,3943.840,76.738,7.925,2.960,4.156,2.278,1.874,2.401,63.069,0.782,-0.344,8.650,0.574,0.192,False,False,False,False,False,False,True,False,False,False,False,False,False,False,False,False,False,False,False,False
93,1557.360,62.600,8.250,FCPR-D1_CIR.csv,7.588,0.132,516.450,54.350,54.350,3918.760,68.062,7.912,2.872,4.153,2.225,1.870,2.282,63.069,0.782,-0.600,8.650,0.574,-0.697,False,False,False,False,False,True,False,False,False,False,False,False,False,False,False,False,False,False,False,False
94,1123.690,62.000,8.230,FCPR-D1_CIR.csv,7.533,0.133,510.260,53.770,53.770,3844.000,67.733,7.874,2.869,4.143,2.222,1.859,2.277,63.069,0.782,-1.367,8.650,0.574,-0.732,False,False,False,False,False,False,False,False,False,False,False,False,False,False,False,False,False,True,False,False
95,1302.360,63.000,8.600,FCPR-D1_CIR.csv,7.326,0.137,541.800,54.400,54.400,3969.000,73.960,7.937,2.933,4.159,2.262,1.878,2.363,63.069,0.782,-0.088,8.650,0.574,-0.087,False,False,False,False,False,False,False,False,False,False,True,False,False,False,False,False,False,False,False,False
96,919.400,62.500,7.970,FCPR-D1_CIR.csv,7.842,0.128,498.125,54.530,54.530,3906.250,63.521,7.906,2.823,4.151,2.194,1.868,2.219,63.069,0.782,-0.728,8.650,0.574,-1.185,False,False,False,False,False,False,False,True,False,False,False,False,False,False,False,False,False,False,False,False
97,1355.920,62.500,8.200,FCPR-D1_CIR.csv,7.622,0.131,512.500,54.300,54.300,3906.250,67.240,7.906,2.864,4.151,2.219,1.868,2.270,63.069,0.782,-0.728,8.650,0.574,-0.784,False,False,False,False,False,True,False,False,False,False,False,False,False,False,False,False,False,False,False,False
98,1774.290,63.200,8.390,FCPR-D1_CIR.csv,7.533,0.133,530.248,54.810,54.810,3994.240,70.392,7.950,2.897,4.162,2.240,1.881,2.314,63.069,0.782,0.168,8.650,0.574,-0.453,False,False,False,False,False,False,False,False,False,True,False,False,False,False,False,False,False,False,False,False
99,2143.240,62.800,8.130,FCPR-D1_CIR.csv,7.724,0.129,510.564,54.670,54.670,3943.840,66.097,7.925,2.851,4.156,2.212,1.874,2.255,63.069,0.782,-0.344,8.650,0.574,-0.906,False,False,False,False,False,False,False,True,False,False,False,False,False,False,False,False,False,False,False,False
100,2177.570,64.000,9.350,FCPR-D1_CIR.csv,6.845,0.146,598.400,54.650,54.650,4096.000,87.422,8.000,3.058,4.174,2.337,1.896,2.547,63.069,0.782,1.191,8.650,0.574,1.220,False,False,False,False,False,False,False,False,False,False,False,False,False,False,False,True,False,False,False,False
101,2193.660,62.400,7.920,FCPR-D1_CIR.csv,7.879,0.127,494.208,54.480,54.480,3893.760,62.726,7.899,2.814,4.149,2.188,1.866,2.208,63.069,0.782,-0.855,8.650,0.574,-1.272,False,False,False,False,False,False,False,False,False,False,False,False,False,False,False,False,False,False,False,True
102,2240.070,63.400,8.640,FCPR-D1_CIR.csv,7.338,0.136,547.776,54.760,54.760,4019.560,74.650,7.962,2.939,4.165,2.266,1.885,2.373,63.069,0.782,0.423,8.650,0.574,-0.017,False,False,True,False,False,False,False,False,False,False,False,False,False,False,False,False,False,False,False,False
103,1760.310,62.500,7.850,FCPR-D1_CIR.csv,7.962,0.126,490.625,54.650,54.650,3906.250,61.622,7.906,2.802,4.151,2.180,1.868,2.192,63.069,0.782,-0.728,8.650,0.574,-1.394,False,False,False,False,False,False,False,True,False,False,False,False,False,False,False,False,False,False,False,False
104,1364.090,63.400,8.810,FCPR-D1_CIR.csv,7.196,0.139,558.554,54.590,54.590,4019.560,77.616,7.962,2.968,4.165,2.283,1.885,2.413,63.069,0.782,0.423,8.650,0.574,0.279,True,False,False,False,False,False,False,False,False,False,False,False,False,False,False,False,False,False,False,False
105,1236.700,63.200,8.690,FCPR-D1_CIR.csv,7.273,0.137,549.208,54.510,54.510,3994.240,75.516,7.950,2.948,4.162,2.271,1.881,2.385,63.069,0.782,0.168,8.650,0.574,0.070,False,False,False,False,False,False,False,False,False,False,True,False,False,False,False,False,False,False,False,False
106,947.440,63.100,9.100,FCPR-D1_CIR.csv,6.934,0.144,574.210,54.000,54.000,3981.610,82.810,7.944,3.017,4.160,2.313,1.879,2.484,63.069,0.782,0.040,8.650,0.574,0.784,False,False,False,False,False,False,False,False,True,False,False,False,False,False,False,False,False,False,False,False
107,1139.580,62.800,8.850,FCPR-D1_CIR.csv,7.096,0.141,555.780,53.950,53.950,3943.840,78.322,7.925,2.975,4.156,2.287,1.874,2.423,63.069,0.782,-0.344,8.650,0.574,0.348,False,False,False,False,True,False,False,False,False,False,False,False,False,False,False,False,False,False,False,False
108,1362.810,63.200,8.810,FCPR-D1_CIR.csv,7.174,0.139,556.792,54.390,54.390,3994.240,77.616,7.950,2.968,4.162,2.283,1.881,2.413,63.069,0.782,0.168,8.650,0.574,0.279,False,False,False,False,False,False,False,False,True,False,False,False,False,False,False,False,False,False,False,False
109,1617.360,62.800,8.880,FCPR-D1_CIR.csv,7.072,0.141,557.664,53.920,53.920,3943.840,78.854,7.925,2.980,4.156,2.291,1.874,2.430,63.069,0.782,-0.344,8.650,0.574,0.401,False,False,False,False,True,False,False,False,False,False,False,False,False,False,False,False,False,False,False,False
110,1385.990,62.600,8.620,FCPR-D1_CIR.csv,7.262,0.138,539.612,53.980,53.980,3918.760,74.304,7.912,2.936,4.153,2.264,1.870,2.368,63.069,0.782,-0.600,8.650,0.574,-0.052,False,False,False,False,False,False,True,False,False,False,False,False,False,False,False,False,False,False,False,False
111,956.290,63.300,9.360,FCPR-D1_CIR.csv,6.763,0.148,592.488,53.940,53.940,4006.890,87.610,7.956,3.059,4.164,2.338,1.883,2.550,63.069,0.782,0.295,8.650,0.574,1.237,False,False,False,False,False,False,False,False,False,False,False,True,False,False,False,False,False,False,False,False
112,1339.120,62.300,8.200,FCPR-D1_CIR.csv,7.598,0.132,510.860,54.100,54.100,3881.290,67.240,7.893,2.864,4.148,2.219,1.865,2.270,63.069,0.782,-0.983,8.650,0.574,-0.784,False,False,False,False,False,False,False,False,False,False,False,False,False,False,False,False,False,True,False,False
113,1352.370,63.400,8.840,FCPR-D1_CIR.csv,7.172,0.139,560.456,54.560,54.560,4019.560,78.146,7.962,2.973,4.165,2.286,1.885,2.421,63.069,0.782,0.423,8.650,0.574,0.331,True,False,False,False,False,False,False,False,False,False,False,False,False,False,False,False,False,False,False,False
114,1260.510,63.300,9.060,FCPR-D1_CIR.csv,6.987,0.143,573.498,54.240,54.240,4006.890,82.084,7.956,3.010,4.164,2.309,1.883,2.474,63.069,0.782,0.295,8.650,0.574,0.714,False,False,False,False,False,False,False,False,True,False,False,False,False,False,False,False,False,False,False,False
115,1427.450,64.000,9.300,FCPR-D1_CIR.csv,6.882,0.145,595.200,54.700,54.700,4096.000,86.490,8.000,3.050,4.174,2.332,1.896,2.535,63.069,0.782,1.191,8.650,0.574,1.132,False,False,False,False,False,False,False,False,False,False,False,False,False,False,False,True,False,False,False,False
116,1159.830,63.200,8.450,FCPR-D1_CIR.csv,7.479,0.134,534.040,54.750,54.750,3994.240,71.402,7.950,2.907,4.162,2.246,1.881,2.328,63.069,0.782,0.168,8.650,0.574,-0.348,False,False,False,False,False,False,False,False,False,False,True,False,False,False,False,False,False,False,False,False
117,1168.820,62.800,8.180,FCPR-D1_CIR.csv,7.677,0.130,513.704,54.620,54.620,3943.840,66.912,7.925,2.860,4.156,2.217,1.874,2.266,63.069,0.782,-0.344,8.650,0.574,-0.819,False,False,False,False,False,False,False,True,False,False,False,False,False,False,False,False,False,False,False,False
118,1692.200,63.600,8.900,FCPR-D1_CIR.csv,7.146,0.140,566.040,54.700,54.700,4044.960,79.210,7.975,2.983,4.168,2.293,1.889,2.435,63.069,0.782,0.679,8.650,0.574,0.436,True,False,False,False,False,False,False,False,False,False,False,False,False,False,False,False,False,False,False,False
119,1801.040,63.600,9.000,FCPR-D1_CIR.csv,7.067,0.142,572.400,54.600,54.600,4044.960,81.000,7.975,3.000,4.168,2.303,1.889,2.460,63.069,0.782,0.679,8.650,0.574,0.610,True,False,False,False,False,False,False,False,False,False,False,False,False,False,False,False,False,False,False,False
120,1640.320,63.400,8.610,FCPR-D1_CIR.csv,7.364,0.136,545.874,54.790,54.790,4019.560,74.132,7.962,2.934,4.165,2.263,1.885,2.366,63.069,0.782,0.423,8.650,0.574,-0.070,False,False,True,False,False,False,False,False,False,False,False,False,False,False,False,False,False,False,False,False
121,1979.470,64.200,9.120,FCPR-D1_CIR.csv,7.039,0.142,585.504,55.080,55.080,4121.640,83.174,8.012,3.020,4.177,2.315,1.900,2.489,63.069,0.782,1.446,8.650,0.574,0.819,False,False,False,False,False,False,False,False,False,False,False,False,False,False,False,True,False,False,False,False
122,1775.650,63.400,8.860,FCPR-D1_CIR.csv,7.156,0.140,561.724,54.540,54.540,4019.560,78.500,7.962,2.977,4.165,2.288,1.885,2.425,63.069,0.782,0.423,8.650,0.574,0.366,True,False,False,False,False,False,False,False,False,False,False,False,False,False,False,False,False,False,False,False
123,2134.330,63.700,8.940,FCPR-D1_CIR.csv,7.125,0.140,569.478,54.760,54.760,4057.690,79.924,7.981,2.990,4.170,2.297,1.891,2.445,63.069,0.782,0.807,8.650,0.574,0.505,True,False,False,False,False,False,False,False,False,False,False,False,False,False,False,False,False,False,False,False
124,2089.070,63.700,8.970,FCPR-D1_CIR.csv,7.101,0.141,571.389,54.730,54.730,4057.690,80.461,7.981,2.995,4.170,2.300,1.891,2.452,63.069,0.782,0.807,8.650,0.574,0.557,True,False,False,False,False,False,False,False,False,False,False,False,False,False,False,False,False,False,False,False
125,2526.440,62.700,8.240,FCPR-D1_CIR.csv,7.609,0.131,516.648,54.460,54.460,3931.290,67.898,7.918,2.871,4.154,2.224,1.872,2.280,63.069,0.782,-0.472,8.650,0.574,-0.714,False,False,False,False,False,True,False,False,False,False,False,False,False,False,False,False,False,False,False,False
126,2321.750,63.900,8.960,FCPR-D1_CIR.csv,7.132,0.140,572.544,54.940,54.940,4083.210,80.282,7.994,2.993,4.173,2.299,1.895,2.450,63.069,0.782,1.063,8.650,0.574,0.540,False,False,False,False,False,False,False,False,False,False,False,False,False,True,False,False,False,False,False,False
127,1827.250,62.700,8.030,FCPR-D1_CIR.csv,7.808,0.128,503.481,54.670,54.670,3931.290,64.481,7.918,2.834,4.154,2.201,1.872,2.232,63.069,0.782,-0.472,8.650,0.574,-1.080,False,False,False,False,False,False,False,True,False,False,False,False,False,False,False,False,False,False,False,False
128,2252.640,64.200,9.290,FCPR-D1_CIR.csv,6.911,0.145,596.418,54.910,54.910,4121.640,86.304,8.012,3.048,4.177,2.331,1.900,2.532,63.069,0.782,1.446,8.650,0.574,1.115,False,False,False,False,False,False,False,False,False,False,False,False,False,False,False,True,False,False,False,False
129,2067.880,64.000,9.220,FCPR-D1_CIR.csv,6.941,0.144,590.080,54.780,54.780,4096.000,85.008,8.000,3.036,4.174,2.324,1.896,2.514,63.069,0.782,1.191,8.650,0.574,0.993,False,False,False,False,False,False,False,False,False,False,False,False,False,False,False,True,False,False,False,False
130,1499.240,64.700,9.850,FCPR-D1_CIR.csv,6.569,0.152,637.295,54.850,54.850,4186.090,97.022,8.044,3.138,4.185,2.384,1.910,2.678,63.069,0.782,2.086,8.650,0.574,2.091,False,False,False,False,False,False,False,False,False,False,False,False,False,False,False,True,False,False,False,False
131,1207.350,62.700,8.320,FCPR-D1_CIR.csv,7.536,0.133,521.664,54.380,54.380,3931.290,69.222,7.918,2.884,4.154,2.232,1.872,2.298,63.069,0.782,-0.472,8.650,0.574,-0.575,False,False,False,False,False,True,False,False,False,False,False,False,False,False,False,False,False,False,False,False
132,1674.210,63.400,8.390,FCPR-D1_CIR.csv,7.557,0.132,531.926,55.010,55.010,4019.560,70.392,7.962,2.897,4.165,2.240,1.885,2.314,63.069,0.782,0.423,8.650,0.574,-0.453,False,True,False,False,False,False,False,False,False,False,False,False,False,False,False,False,False,False,False,False
133,1335.340,63.400,9.020,FCPR-D1_CIR.csv,7.029,0.142,571.868,54.380,54.380,4019.560,81.360,7.962,3.003,4.165,2.305,1.885,2.465,63.069,0.782,0.423,8.650,0.574,0.645,True,False,False,False,False,False,False,False,False,False,False,False,False,False,False,False,False,False,False,False
134,901.260,62.400,8.770,FCPR-D1_CIR.csv,7.115,0.141,547.248,53.630,53.630,3893.760,76.913,7.899,2.961,4.149,2.279,1.866,2.404,63.069,0.782,-0.855,8.650,0.574,0.209,False,False,False,False,False,False,False,False,False,False,False,False,False,False,False,False,False,False,True,False
135,1461.720,63.800,8.730,FCPR-D1_CIR.csv,7.308,0.137,556.974,55.070,55.070,4070.440,76.213,7.987,2.955,4.171,2.275,1.893,2.394,63.069,0.782,0.935,8.650,0.574,0.139,False,False,False,False,False,False,False,False,False,False,False,False,False,False,True,False,False,False,False,False
136,1413.490,63.500,8.930,FCPR-D1_CIR.csv,7.111,0.141,567.055,54.570,54.570,4032.250,79.745,7.969,2.988,4.167,2.296,1.887,2.442,63.069,0.782,0.551,8.650,0.574,0.488,True,False,False,False,False,False,False,False,False,False,False,False,False,False,False,False,False,False,False,False
137,1753.410,63.800,9.020,FCPR-D1_CIR.csv,7.073,0.141,575.476,54.780,54.780,4070.440,81.360,7.987,3.003,4.171,2.305,1.893,2.465,63.069,0.782,0.935,8.650,0.574,0.645,False,False,False,False,False,False,False,False,False,False,False,False,False,True,False,False,False,False,False,False
138,2329.140,62.400,8.010,FCPR-D1_CIR.csv,7.790,0.128,499.824,54.390,54.390,3893.760,64.160,7.899,2.830,4.149,2.198,1.866,2.228,63.069,0.782,-0.855,8.650,0.574,-1.115,False,False,False,False,False,False,False,False,False,False,False,False,False,False,False,False,False,False,False,True
139,2630.900,63.800,9.310,FCPR-D1_CIR.csv,6.853,0.146,593.978,54.490,54.490,4070.440,86.676,7.987,3.051,4.171,2.333,1.893,2.537,63.069,0.782,0.935,8.650,0.574,1.150,False,False,False,False,False,False,False,False,False,False,False,False,False,False,False,True,False,False,False,False
140,1729.610,62.100,7.700,FCPR-D1_CIR.csv,8.065,0.124,478.170,54.400,54.400,3856.410,59.290,7.880,2.775,4.145,2.163,1.861,2.160,63.069,0.782,-1.239,8.650,0.574,-1.655,False,False,False,False,False,False,False,False,False,False,False,False,False,False,False,False,False,False,False,True
141,1383.070,62.200,8.440,FCPR-D1_CIR.csv,7.370,0.136,524.968,53.760,53.760,3868.840,71.234,7.887,2.905,4.146,2.245,1.863,2.326,63.069,0.782,-1.111,8.650,0.574,-0.366,False,False,False,False,False,False,False,False,False,False,False,False,False,False,False,False,False,True,False,False
142,1065.070,62.000,8.140,FCPR-D1_CIR.csv,7.617,0.131,504.680,53.860,53.860,3844.000,66.260,7.874,2.853,4.143,2.213,1.859,2.257,63.069,0.782,-1.367,8.650,0.574,-0.889,False,False,False,False,False,False,False,False,False,False,False,False,False,False,False,False,False,False,False,True
143,1065.570,63.000,8.790,FCPR-D1_CIR.csv,7.167,0.140,553.770,54.210,54.210,3969.000,77.264,7.937,2.965,4.159,2.281,1.878,2.408,63.069,0.782,-0.088,8.650,0.574,0.244,False,False,False,False,False,False,False,False,True,False,False,False,False,False,False,False,False,False,False,False
144,799.690,63.900,9.440,FCPR-D1_CIR.csv,6.769,0.148,603.216,54.460,54.460,4083.210,89.114,7.994,3.072,4.173,2.346,1.895,2.570,63.069,0.782,1.063,8.650,0.574,1.376,False,False,False,False,False,False,False,False,False,False,False,False,False,False,False,True,False,False,False,False
145,1002.490,63.000,9.050,FCPR-D1_CIR.csv,6.961,0.144,570.150,53.950,53.950,3969.000,81.903,7.937,3.008,4.159,2.308,1.878,2.472,63.069,0.782,-0.088,8.650,0.574,0.697,False,False,False,False,False,False,False,False,True,False,False,False,False,False,False,False,False,False,False,False
146,888.550,63.500,9.410,FCPR-D1_CIR.csv,6.748,0.148,597.535,54.090,54.090,4032.250,88.548,7.969,3.068,4.167,2.343,1.887,2.563,63.069,0.782,0.551,8.650,0.574,1.324,False,False,False,True,False,False,False,False,False,False,False,False,False,False,False,False,False,False,False,False
147,1005.350,63.300,8.920,FCPR-D1_CIR.csv,7.096,0.141,564.636,54.380,54.380,4006.890,79.566,7.956,2.987,4.164,2.295,1.883,2.440,63.069,0.782,0.295,8.650,0.574,0.470,False,False,False,False,False,False,False,False,True,False,False,False,False,False,False,False,False,False,False,False
148,1200.040,61.700,8.220,FCPR-D1_CIR.csv,7.506,0.133,507.174,53.480,53.480,3806.890,67.568,7.855,2.867,4.138,2.221,1.853,2.275,63.069,0.782,-1.751,8.650,0.574,-0.749,False,False,False,False,False,False,False,False,False,False,False,False,False,False,False,False,False,True,False,False
149,765.330,62.400,8.590,FCPR-D1_CIR.csv,7.264,0.138,536.016,53.810,53.810,3893.760,73.788,7.899,2.931,4.149,2.261,1.866,2.361,63.069,0.782,-0.855,8.650,0.574,-0.105,False,False,False,False,False,False,False,False,False,False,False,False,False,False,False,False,False,False,True,False
150,1517.670,64.100,9.030,FCPR-D1_CIR.csv,7.099,0.141,578.823,55.070,55.070,4108.810,81.541,8.006,3.005,4.176,2.306,1.898,2.467,63.069,0.782,1.318,8.650,0.574,0.662,False,False,False,False,False,False,False,False,False,False,False,False,False,True,False,False,False,False,False,False
151,1093.700,62.200,8.160,FCPR-D1_CIR.csv,7.623,0.131,507.552,54.040,54.040,3868.840,66.586,7.887,2.857,4.146,2.215,1.863,2.261,63.069,0.782,-1.111,8.650,0.574,-0.854,False,False,False,False,False,False,False,False,False,False,False,False,False,False,False,False,False,False,False,True
152,1540.790,63.700,8.680,FCPR-D1_CIR.csv,7.339,0.136,552.916,55.020,55.020,4057.690,75.342,7.981,2.946,4.170,2.270,1.891,2.382,63.069,0.782,0.807,8.650,0.574,0.052,False,False,True,False,False,False,False,False,False,False,False,False,False,False,False,False,False,False,False,False
153,1674.170,63.200,8.380,FCPR-D1_CIR.csv,7.542,0.133,529.616,54.820,54.820,3994.240,70.224,7.950,2.895,4.162,2.239,1.881,2.312,63.069,0.782,0.168,8.650,0.574,-0.470,False,False,False,False,False,False,False,False,False,True,False,False,False,False,False,False,False,False,False,False
154,1792.610,63.900,9.040,FCPR-D1_CIR.csv,7.069,0.141,577.656,54.860,54.860,4083.210,81.722,7.994,3.007,4.173,2.307,1.895,2.469,63.069,0.782,1.063,8.650,0.574,0.679,False,False,False,False,False,False,False,False,False,False,False,False,False,True,False,False,False,False,False,False
155,1441.330,63.800,9.110,FCPR-D1_CIR.csv,7.003,0.143,581.218,54.690,54.690,4070.440,82.992,7.987,3.018,4.171,2.314,1.893,2.487,63.069,0.782,0.935,8.650,0.574,0.801,False,False,False,False,False,False,False,False,False,False,False,False,False,False,False,True,False,False,False,False
156,1027.240,62.200,8.300,FCPR-D1_CIR.csv,7.494,0.133,516.260,53.900,53.900,3868.840,68.890,7.887,2.881,4.146,2.230,1.863,2.293,63.069,0.782,-1.111,8.650,0.574,-0.610,False,False,False,False,False,False,False,False,False,False,False,False,False,False,False,False,False,True,False,False
157,1222.400,62.800,8.770,FCPR-D1_CIR.csv,7.161,0.140,550.756,54.030,54.030,3943.840,76.913,7.925,2.961,4.156,2.279,1.874,2.404,63.069,0.782,-0.344,8.650,0.574,0.209,False,False,False,False,False,False,True,False,False,False,False,False,False,False,False,False,False,False,False,False
158,787.820,63.500,9.400,FCPR-D1_CIR.csv,6.755,0.148,596.900,54.100,54.100,4032.250,88.360,7.969,3.066,4.167,2.342,1.887,2.560,63.069,0.782,0.551,8.650,0.574,1.307,False,False,False,True,False,False,False,False,False,False,False,False,False,False,False,False,False,False,False,False
159,1044.670,64.100,9.650,FCPR-D1_CIR.csv,6.642,0.151,618.565,54.450,54.450,4108.810,93.122,8.006,3.106,4.176,2.366,1.898,2.625,63.069,0.782,1.318,8.650,0.574,1.742,False,False,False,False,False,False,False,False,False,False,False,False,False,False,False,True,False,False,False,False
160,2509.000,62.300,7.820,FCPR-D1_CIR.csv,7.967,0.126,487.186,54.480,54.480,3881.290,61.152,7.893,2.796,4.148,2.177,1.865,2.186,63.069,0.782,-0.983,8.650,0.574,-1.446,False,False,False,False,False,False,False,False,False,False,False,False,False,False,False,False,False,False,False,True
161,2538.380,63.600,9.000,FCPR-D1_CIR.csv,7.067,0.142,572.400,54.600,54.600,4044.960,81.000,7.975,3.000,4.168,2.303,1.889,2.460,63.069,0.782,0.679,8.650,0.574,0.610,True,False,False,False,False,False,False,False,False,False,False,False,False,False,False,False,False,False,False,False
162,2336.120,63.000,8.380,FCPR-D1_CIR.csv,7.518,0.133,527.940,54.620,54.620,3969.000,70.224,7.937,2.895,4.159,2.239,1.878,2.312,63.069,0.782,-0.088,8.650,0.574,-0.470,False,False,False,False,False,False,False,False,False,True,False,False,False,False,False,False,False,False,False,False
163,2124.690,64.100,9.150,FCPR-D1_CIR.csv,7.005,0.143,586.515,54.950,54.950,4108.810,83.723,8.006,3.025,4.176,2.317,1.898,2.497,63.069,0.782,1.318,8.650,0.574,0.871,False,False,False,False,False,False,False,False,False,False,False,False,False,False,False,True,False,False,False,False
164,2061.800,63.500,8.360,FCPR-D1_CIR.csv,7.596,0.132,530.860,55.140,55.140,4032.250,69.890,7.969,2.891,4.167,2.236,1.887,2.307,63.069,0.782,0.551,8.650,0.574,-0.505,False,True,False,False,False,False,False,False,False,False,False,False,False,False,False,False,False,False,False,False
165,1930.000,62.400,7.700,FCPR-D1_CIR.csv,8.104,0.123,480.480,54.700,54.700,3893.760,59.290,7.899,2.775,4.149,2.163,1.866,2.160,63.069,0.782,-0.855,8.650,0.574,-1.655,False,False,False,False,False,False,False,False,False,False,False,False,False,False,False,False,False,False,False,True
166,2185.430,63.700,9.180,FCPR-D1_CIR.csv,6.939,0.144,584.766,54.520,54.520,4057.690,84.272,7.981,3.030,4.170,2.320,1.891,2.504,63.069,0.782,0.807,8.650,0.574,0.923,False,False,False,True,False,False,False,False,False,False,False,False,False,False,False,False,False,False,False,False
167,2390.310,62.700,8.340,FCPR-D1_CIR.csv,7.518,0.133,522.918,54.360,54.360,3931.290,69.556,7.918,2.888,4.154,2.234,1.872,2.303,63.069,0.782,-0.472,8.650,0.574,-0.540,False,False,False,False,False,True,False,False,False,False,False,False,False,False,False,False,False,False,False,False
168,1806.340,64.300,9.680,FCPR-D1_CIR.csv,6.643,0.151,622.424,54.620,54.620,4134.490,93.702,8.019,3.111,4.179,2.368,1.902,2.633,63.069,0.782,1.574,8.650,0.574,1.794,False,False,False,False,False,False,False,False,False,False,False,False,False,False,False,True,False,False,False,False
169,1999.080,66.200,10.610,FCPR-D1_CIR.csv,6.239,0.160,702.382,55.590,55.590,4382.440,112.572,8.136,3.257,4.208,2.452,1.939,2.889,63.069,0.782,4.004,8.650,0.574,3.415,False,False,False,False,False,False,False,False,False,False,False,False,False,False,False,True,False,False,False,False
170,1335.490,61.300,7.540,FCPR-D1_CIR.csv,8.130,0.123,462.202,53.760,53.760,3757.690,56.852,7.829,2.746,4.132,2.145,1.846,2.125,63.069,0.782,-2.262,8.650,0.574,-1.934,False,False,False,False,False,False,False,False,False,False,False,False,False,False,False,False,False,False,False,True
171,1556.190,62.900,8.410,FCPR-D1_CIR.csv,7.479,0.134,528.989,54.490,54.490,3956.410,70.728,7.931,2.900,4.157,2.242,1.876,2.319,63.069,0.782,-0.216,8.650,0.574,-0.418,False,False,False,False,False,False,False,False,False,True,False,False,False,False,False,False,False,False,False,False
172,1167.600,62.100,8.610,FCPR-D1_CIR.csv,7.213,0.139,534.681,53.490,53.490,3856.410,74.132,7.880,2.934,4.145,2.263,1.861,2.366,63.069,0.782,-1.239,8.650,0.574,-0.070,False,False,False,False,False,False,False,False,False,False,False,False,False,False,False,False,False,False,True,False
173,1243.230,63.500,8.830,FCPR-D1_CIR.csv,7.191,0.139,560.705,54.670,54.670,4032.250,77.969,7.969,2.972,4.167,2.285,1.887,2.418,63.069,0.782,0.551,8.650,0.574,0.314,True,False,False,False,False,False,False,False,False,False,False,False,False,False,False,False,False,False,False,False
174,1479.590,63.000,8.790,FCPR-D1_CIR.csv,7.167,0.140,553.770,54.210,54.210,3969.000,77.264,7.937,2.965,4.159,2.281,1.878,2.408,63.069,0.782,-0.088,8.650,0.574,0.244,False,False,False,False,False,False,False,False,True,False,False,False,False,False,False,False,False,False,False,False
175,1875.700,63.000,8.320,FCPR-D1_CIR.csv,7.572,0.132,524.160,54.680,54.680,3969.000,69.222,7.937,2.884,4.159,2.232,1.878,2.298,63.069,0.782,-0.088,8.650,0.574,-0.575,False,False,False,False,False,False,False,False,False,True,False,False,False,False,False,False,False,False,False,False
176,2312.470,61.800,7.630,FCPR-D1_CIR.csv,8.100,0.123,471.534,54.170,54.170,3819.240,58.217,7.861,2.762,4.140,2.155,1.855,2.145,63.069,0.782,-1.623,8.650,0.574,-1.777,False,False,False,False,False,False,False,False,False,False,False,False,False,False,False,False,False,False,False,True
177,1963.720,62.900,8.400,FCPR-D1_CIR.csv,7.488,0.134,528.360,54.500,54.500,3956.410,70.560,7.931,2.898,4.157,2.241,1.876,2.316,63.069,0.782,-0.216,8.650,0.574,-0.436,False,False,False,False,False,False,False,False,False,True,False,False,False,False,False,False,False,False,False,False
178,2419.590,63.300,8.840,FCPR-D1_CIR.csv,7.161,0.140,559.572,54.460,54.460,4006.890,78.146,7.956,2.973,4.164,2.286,1.883,2.421,63.069,0.782,0.295,8.650,0.574,0.331,False,False,False,False,False,False,False,False,True,False,False,False,False,False,False,False,False,False,False,False
179,1913.780,63.000,8.220,FCPR-D1_CIR.csv,7.664,0.130,517.860,54.780,54.780,3969.000,67.568,7.937,2.867,4.159,2.221,1.878,2.275,63.069,0.782,-0.088,8.650,0.574,-0.749,False,False,False,False,False,False,False,False,False,True,False,False,False,False,False,False,False,False,False,False
180,2088.430,64.900,9.520,FCPR-D1_CIR.csv,6.817,0.147,617.848,55.380,55.380,4212.010,90.630,8.056,3.085,4.188,2.353,1.914,2.591,63.069,0.782,2.341,8.650,0.574,1.516,False,False,False,False,False,False,False,False,False,False,False,False,False,False,False,True,False,False,False,False
181,1902.400,62.800,8.130,FCPR-D1_CIR.csv,7.724,0.129,510.564,54.670,54.670,3943.840,66.097,7.925,2.851,4.156,2.212,1.874,2.255,63.069,0.782,-0.344,8.650,0.574,-0.906,False,False,False,False,False,False,False,True,False,False,False,False,False,False,False,False,False,False,False,False
182,1565.770,63.400,8.690,FCPR-D1_CIR.csv,7.296,0.137,550.946,54.710,54.710,4019.560,75.516,7.962,2.948,4.165,2.271,1.885,2.385,63.069,0.782,0.423,8.650,0.574,0.070,False,False,True,False,False,False,False,False,False,False,False,False,False,False,False,False,False,False,False,False
183,1654.140,63.300,8.460,FCPR-D1_CIR.csv,7.482,0.134,535.518,54.840,54.840,4006.890,71.572,7.956,2.909,4.164,2.247,1.883,2.330,63.069,0.782,0.295,8.650,0.574,-0.331,False,False,False,False,False,False,False,False,False,False,True,False,False,False,False,False,False,False,False,False
184,1474.090,62.700,8.470,FCPR-D1_CIR.csv,7.403,0.135,531.069,54.230,54.230,3931.290,71.741,7.918,2.910,4.154,2.248,1.872,2.333,63.069,0.782,-0.472,8.650,0.574,-0.314,False,False,False,False,False,False,True,False,False,False,False,False,False,False,False,False,False,False,False,False
185,1802.190,62.900,8.170,FCPR-D1_CIR.csv,7.699,0.130,513.893,54.730,54.730,3956.410,66.749,7.931,2.858,4.157,2.216,1.876,2.264,63.069,0.782,-0.216,8.650,0.574,-0.836,False,False,False,False,False,False,False,False,False,False,False,False,True,False,False,False,False,False,False,False
186,2136.610,63.400,8.760,FCPR-D1_CIR.csv,7.237,0.138,555.384,54.640,54.640,4019.560,76.738,7.962,2.960,4.165,2.278,1.885,2.401,63.069,0.782,0.423,8.650,0.574,0.192,False,False,True,False,False,False,False,False,False,False,False,False,False,False,False,False,False,False,False,False
187,1648.980,62.600,8.030,FCPR-D1_CIR.csv,7.796,0.128,502.678,54.570,54.570,3918.760,64.481,7.912,2.834,4.153,2.201,1.870,2.232,63.069,0.782,-0.600,8.650,0.574,-1.080,False,False,False,False,False,False,False,True,False,False,False,False,False,False,False,False,False,False,False,False
188,1992.980,62.700,8.290,FCPR-D1_CIR.csv,7.563,0.132,519.783,54.410,54.410,3931.290,68.724,7.918,2.879,4.154,2.229,1.872,2.291,63.069,0.782,-0.472,8.650,0.574,-0.627,False,False,False,False,False,True,False,False,False,False,False,False,False,False,False,False,False,False,False,False
189,2412.370,62.100,7.820,FCPR-D1_CIR.csv,7.941,0.126,485.622,54.280,54.280,3856.410,61.152,7.880,2.796,4.145,2.177,1.861,2.186,63.069,0.782,-1.239,8.650,0.574,-1.446,False,False,False,False,False,False,False,False,False,False,False,False,False,False,False,False,False,False,False,True
190,1851.130,64.800,9.860,FCPR-D1_CIR.csv,6.572,0.152,638.928,54.940,54.940,4199.040,97.220,8.050,3.140,4.187,2.385,1.912,2.680,63.069,0.782,2.214,8.650,0.574,2.108,False,False,False,False,False,False,False,False,False,False,False,False,False,False,False,True,False,False,False,False
191,1615.750,62.600,8.000,FCPR-D1_CIR.csv,7.825,0.128,500.800,54.600,54.600,3918.760,64.000,7.912,2.828,4.153,2.197,1.870,2.226,63.069,0.782,-0.600,8.650,0.574,-1.132,False,False,False,False,False,False,False,True,False,False,False,False,False,False,False,False,False,False,False,False
192,1370.430,63.000,8.690,FCPR-D1_CIR.csv,7.250,0.138,547.470,54.310,54.310,3969.000,75.516,7.937,2.948,4.159,2.271,1.878,2.385,63.069,0.782,-0.088,8.650,0.574,0.070,False,False,False,False,False,False,False,False,False,False,True,False,False,False,False,False,False,False,False,False
193,1887.330,63.300,8.440,FCPR-D1_CIR.csv,7.500,0.133,534.252,54.860,54.860,4006.890,71.234,7.956,2.905,4.164,2.245,1.883,2.326,63.069,0.782,0.295,8.650,0.574,-0.366,False,False,False,False,False,False,False,False,False,True,False,False,False,False,False,False,False,False,False,False
194,2183.710,63.400,8.670,FCPR-D1_CIR.csv,7.313,0.137,549.678,54.730,54.730,4019.560,75.169,7.962,2.944,4.165,2.269,1.885,2.380,63.069,0.782,0.423,8.650,0.574,0.035,False,False,True,False,False,False,False,False,False,False,False,False,False,False,False,False,False,False,False,False
195,2415.350,63.200,8.960,FCPR-D1_CIR.csv,7.054,0.142,566.272,54.240,54.240,3994.240,80.282,7.950,2.993,4.162,2.299,1.881,2.450,63.069,0.782,0.168,8.650,0.574,0.540,False,False,False,False,False,False,False,False,True,False,False,False,False,False,False,False,False,False,False,False
196,2357.140,62.700,8.330,FCPR-D1_CIR.csv,7.527,0.133,522.291,54.370,54.370,3931.290,69.389,7.918,2.886,4.154,2.233,1.872,2.300,63.069,0.782,-0.472,8.650,0.574,-0.557,False,False,False,False,False,True,False,False,False,False,False,False,False,False,False,False,False,False,False,False
197,2717.350,61.400,7.290,FCPR-D1_CIR.csv,8.422,0.119,447.606,54.110,54.110,3769.960,53.144,7.836,2.700,4.134,2.115,1.848,2.073,63.069,0.782,-2.134,8.650,0.574,-2.369,False,False,False,False,False,False,False,False,False,False,False,False,False,False,False,False,False,False,False,True
198,2518.490,62.400,8.210,FCPR-D1_CIR.csv,7.600,0.132,512.304,54.190,54.190,3893.760,67.404,7.899,2.865,4.149,2.220,1.866,2.273,63.069,0.782,-0.855,8.650,0.574,-0.767,False,False,False,False,False,False,False,False,False,False,False,False,False,False,False,False,False,True,False,False
199,2858.980,61.800,7.710,FCPR-D1_CIR.csv,8.016,0.125,476.478,54.090,54.090,3819.240,59.444,7.861,2.777,4.140,2.164,1.855,2.162,63.069,0.782,-1.623,8.650,0.574,-1.638,False,False,False,False,False,False,False,False,False,False,False,False,False,False,False,False,False,False,False,True
